"";"GeoIso";"Citizen";"Decision";"Count";"latitude";"longitude";"name"
"1";"BE";"TOTAL";"TOTAL";6110;50,503887;4,469936;"Belgium"
"2";"BG";"TOTAL";"TOTAL";1365;42,733883;25,48583;"Bulgaria"
"3";"CZ";"TOTAL";"TOTAL";245;49,817492;15,472962;"Czech Republic"
"4";"DK";"TOTAL";"TOTAL";2570;56,26392;9,501785;"Denmark"
"5";"DE";"TOTAL";"TOTAL";211325;51,165691;10,451526;"Germany"
"6";"EE";"TOTAL";"TOTAL";45;58,595272;25,013607;"Estonia"
"7";"IE";"TOTAL";"TOTAL";565;53,41291;-8,24389;"Ireland"
"8";"EL";"TOTAL";"TOTAL";3845;39,074208;21,824312;"Greece"
"9";"ES";"TOTAL";"TOTAL";2135;40,463667;-3,74922;"Spain"
"10";"FR";"TOTAL";"TOTAL";24465;46,227638;2,213749;"France"
"11";"HR";"TOTAL";"TOTAL";100;45,1;15,2;"Croatia"
"12";"IT";"TOTAL";"TOTAL";22320;41,87194;12,56738;"Italy"
"13";"CY";"TOTAL";"TOTAL";535;35,126413;33,429859;"Cyprus"
"14";"LV";"TOTAL";"TOTAL";70;56,879635;24,603189;"Latvia"
"15";"LT";"TOTAL";"TOTAL";145;55,169438;23,881275;"Lithuania"
"16";"LU";"TOTAL";"TOTAL";410;49,815273;6,129583;"Luxembourg"
"17";"HU";"TOTAL";"TOTAL";2205;47,162494;19,503304;"Hungary"
"18";"MT";"TOTAL";"TOTAL";195;35,937496;14,375416;"Malta"
"19";"NL";"TOTAL";"TOTAL";4275;52,132633;5,291266;"Netherlands"
"20";"AT";"TOTAL";"TOTAL";13350;47,516231;14,550072;"Austria"
"21";"PL";"TOTAL";"TOTAL";660;51,919438;19,145136;"Poland"
"22";"PT";"TOTAL";"TOTAL";135;39,399872;-8,224454;"Portugal"
"23";"RO";"TOTAL";"TOTAL";495;45,943161;24,96676;"Romania"
"24";"SI";"TOTAL";"TOTAL";80;46,151241;14,995463;"Slovenia"
"25";"SK";"TOTAL";"TOTAL";30;48,669026;19,699024;"Slovakia"
"26";"FI";"TOTAL";"TOTAL";7115;61,92411;25,748151;"Finland"
"27";"SE";"TOTAL";"TOTAL";38170;60,128161;18,643501;"Sweden"
"28";"UK";"TOTAL";"TOTAL";7700;55,378051;-3,435973;"United Kingdom"
"29";"IS";"TOTAL";"TOTAL";265;64,963051;-19,020835;"Iceland"
"30";"LI";"TOTAL";"TOTAL";25;47,166;9,555373;"Liechtenstein"
"31";"NO";"TOTAL";"TOTAL";5135;60,472024;8,468946;"Norway"
"32";"CH";"TOTAL";"TOTAL";5355;46,818188;8,227512;"Switzerland"
"33";"BE";"TOTAL";"REJECTED";2815;50,503887;4,469936;"Belgium"
"34";"BG";"TOTAL";"REJECTED";870;42,733883;25,48583;"Bulgaria"
"35";"CZ";"TOTAL";"REJECTED";190;49,817492;15,472962;"Czech Republic"
"36";"DK";"TOTAL";"REJECTED";1375;56,26392;9,501785;"Denmark"
"37";"DE";"TOTAL";"REJECTED";70805;51,165691;10,451526;"Germany"
"38";"EE";"TOTAL";"REJECTED";20;58,595272;25,013607;"Estonia"
"39";"IE";"TOTAL";"REJECTED";440;53,41291;-8,24389;"Ireland"
"40";"EL";"TOTAL";"REJECTED";2660;39,074208;21,824312;"Greece"
"41";"ES";"TOTAL";"REJECTED";1260;40,463667;-3,74922;"Spain"
"42";"FR";"TOTAL";"REJECTED";15730;46,227638;2,213749;"France"
"43";"HR";"TOTAL";"REJECTED";60;45,1;15,2;"Croatia"
"44";"IT";"TOTAL";"REJECTED";12265;41,87194;12,56738;"Italy"
"45";"CY";"TOTAL";"REJECTED";190;35,126413;33,429859;"Cyprus"
"46";"LV";"TOTAL";"REJECTED";20;56,879635;24,603189;"Latvia"
"47";"LT";"TOTAL";"REJECTED";25;55,169438;23,881275;"Lithuania"
"48";"LU";"TOTAL";"REJECTED";150;49,815273;6,129583;"Luxembourg"
"49";"HU";"TOTAL";"REJECTED";2135;47,162494;19,503304;"Hungary"
"50";"MT";"TOTAL";"REJECTED";30;35,937496;14,375416;"Malta"
"51";"NL";"TOTAL";"REJECTED";2265;52,132633;5,291266;"Netherlands"
"52";"AT";"TOTAL";"REJECTED";3930;47,516231;14,550072;"Austria"
"53";"PL";"TOTAL";"REJECTED";570;51,919438;19,145136;"Poland"
"54";"PT";"TOTAL";"REJECTED";65;39,399872;-8,224454;"Portugal"
"55";"RO";"TOTAL";"REJECTED";130;45,943161;24,96676;"Romania"
"56";"SI";"TOTAL";"REJECTED";20;46,151241;14,995463;"Slovenia"
"57";"SK";"TOTAL";"REJECTED";15;48,669026;19,699024;"Slovakia"
"58";"FI";"TOTAL";"REJECTED";4680;61,92411;25,748151;"Finland"
"59";"SE";"TOTAL";"REJECTED";9075;60,128161;18,643501;"Sweden"
"60";"UK";"TOTAL";"REJECTED";5120;55,378051;-3,435973;"United Kingdom"
"61";"IS";"TOTAL";"REJECTED";235;64,963051;-19,020835;"Iceland"
"62";"LI";"TOTAL";"REJECTED";10;47,166;9,555373;"Liechtenstein"
"63";"NO";"TOTAL";"REJECTED";1995;60,472024;8,468946;"Norway"
"64";"CH";"TOTAL";"REJECTED";1940;46,818188;8,227512;"Switzerland"
"65";"BE";"TOTAL";"SUB_PROT";750;50,503887;4,469936;"Belgium"
"66";"BG";"TOTAL";"SUB_PROT";225;42,733883;25,48583;"Bulgaria"
"67";"CZ";"TOTAL";"SUB_PROT";45;49,817492;15,472962;"Czech Republic"
"68";"DK";"TOTAL";"SUB_PROT";535;56,26392;9,501785;"Denmark"
"69";"DE";"TOTAL";"SUB_PROT";64285;51,165691;10,451526;"Germany"
"70";"EE";"TOTAL";"SUB_PROT";10;58,595272;25,013607;"Estonia"
"71";"IE";"TOTAL";"SUB_PROT";0;53,41291;-8,24389;"Ireland"
"72";"EL";"TOTAL";"SUB_PROT";40;39,074208;21,824312;"Greece"
"73";"ES";"TOTAL";"SUB_PROT";745;40,463667;-3,74922;"Spain"
"74";"FR";"TOTAL";"SUB_PROT";3695;46,227638;2,213749;"France"
"75";"HR";"TOTAL";"SUB_PROT";5;45,1;15,2;"Croatia"
"76";"IT";"TOTAL";"SUB_PROT";3100;41,87194;12,56738;"Italy"
"77";"CY";"TOTAL";"SUB_PROT";280;35,126413;33,429859;"Cyprus"
"78";"LV";"TOTAL";"SUB_PROT";40;56,879635;24,603189;"Latvia"
"79";"LT";"TOTAL";"SUB_PROT";5;55,169438;23,881275;"Lithuania"
"80";"LU";"TOTAL";"SUB_PROT";10;49,815273;6,129583;"Luxembourg"
"81";"HU";"TOTAL";"SUB_PROT";40;47,162494;19,503304;"Hungary"
"82";"MT";"TOTAL";"SUB_PROT";130;35,937496;14,375416;"Malta"
"83";"NL";"TOTAL";"SUB_PROT";1295;52,132633;5,291266;"Netherlands"
"84";"AT";"TOTAL";"SUB_PROT";2135;47,516231;14,550072;"Austria"
"85";"PL";"TOTAL";"SUB_PROT";35;51,919438;19,145136;"Poland"
"86";"PT";"TOTAL";"SUB_PROT";30;39,399872;-8,224454;"Portugal"
"87";"RO";"TOTAL";"SUB_PROT";85;45,943161;24,96676;"Romania"
"88";"SI";"TOTAL";"SUB_PROT";10;46,151241;14,995463;"Slovenia"
"89";"SK";"TOTAL";"SUB_PROT";5;48,669026;19,699024;"Slovakia"
"90";"FI";"TOTAL";"SUB_PROT";625;61,92411;25,748151;"Finland"
"91";"SE";"TOTAL";"SUB_PROT";21780;60,128161;18,643501;"Sweden"
"92";"UK";"TOTAL";"SUB_PROT";45;55,378051;-3,435973;"United Kingdom"
"93";"IS";"TOTAL";"SUB_PROT";15;64,963051;-19,020835;"Iceland"
"94";"LI";"TOTAL";"SUB_PROT";5;47,166;9,555373;"Liechtenstein"
"95";"NO";"TOTAL";"SUB_PROT";80;60,472024;8,468946;"Norway"
"96";"CH";"TOTAL";"SUB_PROT";250;46,818188;8,227512;"Switzerland"
"97";"BE";"TOTAL";"HUMSTAT";NA;50,503887;4,469936;"Belgium"
"98";"BG";"TOTAL";"HUMSTAT";NA;42,733883;25,48583;"Bulgaria"
"99";"CZ";"TOTAL";"HUMSTAT";0;49,817492;15,472962;"Czech Republic"
"100";"DK";"TOTAL";"HUMSTAT";10;56,26392;9,501785;"Denmark"
"101";"DE";"TOTAL";"HUMSTAT";16935;51,165691;10,451526;"Germany"
"102";"EE";"TOTAL";"HUMSTAT";0;58,595272;25,013607;"Estonia"
"103";"IE";"TOTAL";"HUMSTAT";NA;53,41291;-8,24389;"Ireland"
"104";"EL";"TOTAL";"HUMSTAT";0;39,074208;21,824312;"Greece"
"105";"ES";"TOTAL";"HUMSTAT";0;40,463667;-3,74922;"Spain"
"106";"FR";"TOTAL";"HUMSTAT";NA;46,227638;2,213749;"France"
"107";"HR";"TOTAL";"HUMSTAT";0;45,1;15,2;"Croatia"
"108";"IT";"TOTAL";"HUMSTAT";5610;41,87194;12,56738;"Italy"
"109";"CY";"TOTAL";"HUMSTAT";0;35,126413;33,429859;"Cyprus"
"110";"LV";"TOTAL";"HUMSTAT";NA;56,879635;24,603189;"Latvia"
"111";"LT";"TOTAL";"HUMSTAT";0;55,169438;23,881275;"Lithuania"
"112";"LU";"TOTAL";"HUMSTAT";NA;49,815273;6,129583;"Luxembourg"
"113";"HU";"TOTAL";"HUMSTAT";0;47,162494;19,503304;"Hungary"
"114";"MT";"TOTAL";"HUMSTAT";0;35,937496;14,375416;"Malta"
"115";"NL";"TOTAL";"HUMSTAT";75;52,132633;5,291266;"Netherlands"
"116";"AT";"TOTAL";"HUMSTAT";70;47,516231;14,550072;"Austria"
"117";"PL";"TOTAL";"HUMSTAT";10;51,919438;19,145136;"Poland"
"118";"PT";"TOTAL";"HUMSTAT";NA;39,399872;-8,224454;"Portugal"
"119";"RO";"TOTAL";"HUMSTAT";0;45,943161;24,96676;"Romania"
"120";"SI";"TOTAL";"HUMSTAT";NA;46,151241;14,995463;"Slovenia"
"121";"SK";"TOTAL";"HUMSTAT";10;48,669026;19,699024;"Slovakia"
"122";"FI";"TOTAL";"HUMSTAT";300;61,92411;25,748151;"Finland"
"123";"SE";"TOTAL";"HUMSTAT";755;60,128161;18,643501;"Sweden"
"124";"UK";"TOTAL";"HUMSTAT";270;55,378051;-3,435973;"United Kingdom"
"125";"IS";"TOTAL";"HUMSTAT";5;64,963051;-19,020835;"Iceland"
"126";"LI";"TOTAL";"HUMSTAT";5;47,166;9,555373;"Liechtenstein"
"127";"NO";"TOTAL";"HUMSTAT";405;60,472024;8,468946;"Norway"
"128";"CH";"TOTAL";"HUMSTAT";1760;46,818188;8,227512;"Switzerland"
"129";"BE";"TOTAL";"GENCONV";2540;50,503887;4,469936;"Belgium"
"130";"BG";"TOTAL";"GENCONV";275;42,733883;25,48583;"Bulgaria"
"131";"CZ";"TOTAL";"GENCONV";10;49,817492;15,472962;"Czech Republic"
"132";"DK";"TOTAL";"GENCONV";650;56,26392;9,501785;"Denmark"
"133";"DE";"TOTAL";"GENCONV";59300;51,165691;10,451526;"Germany"
"134";"EE";"TOTAL";"GENCONV";10;58,595272;25,013607;"Estonia"
"135";"IE";"TOTAL";"GENCONV";125;53,41291;-8,24389;"Ireland"
"136";"EL";"TOTAL";"GENCONV";1145;39,074208;21,824312;"Greece"
"137";"ES";"TOTAL";"GENCONV";130;40,463667;-3,74922;"Spain"
"138";"FR";"TOTAL";"GENCONV";5045;46,227638;2,213749;"France"
"139";"HR";"TOTAL";"GENCONV";35;45,1;15,2;"Croatia"
"140";"IT";"TOTAL";"GENCONV";1345;41,87194;12,56738;"Italy"
"141";"CY";"TOTAL";"GENCONV";65;35,126413;33,429859;"Cyprus"
"142";"LV";"TOTAL";"GENCONV";10;56,879635;24,603189;"Latvia"
"143";"LT";"TOTAL";"GENCONV";115;55,169438;23,881275;"Lithuania"
"144";"LU";"TOTAL";"GENCONV";250;49,815273;6,129583;"Luxembourg"
"145";"HU";"TOTAL";"GENCONV";25;47,162494;19,503304;"Hungary"
"146";"MT";"TOTAL";"GENCONV";30;35,937496;14,375416;"Malta"
"147";"NL";"TOTAL";"GENCONV";640;52,132633;5,291266;"Netherlands"
"148";"AT";"TOTAL";"GENCONV";7215;47,516231;14,550072;"Austria"
"149";"PL";"TOTAL";"GENCONV";40;51,919438;19,145136;"Poland"
"150";"PT";"TOTAL";"GENCONV";35;39,399872;-8,224454;"Portugal"
"151";"RO";"TOTAL";"GENCONV";280;45,943161;24,96676;"Romania"
"152";"SI";"TOTAL";"GENCONV";50;46,151241;14,995463;"Slovenia"
"153";"SK";"TOTAL";"GENCONV";0;48,669026;19,699024;"Slovakia"
"154";"FI";"TOTAL";"GENCONV";1510;61,92411;25,748151;"Finland"
"155";"SE";"TOTAL";"GENCONV";6565;60,128161;18,643501;"Sweden"
"156";"UK";"TOTAL";"GENCONV";2260;55,378051;-3,435973;"United Kingdom"
"157";"IS";"TOTAL";"GENCONV";15;64,963051;-19,020835;"Iceland"
"158";"LI";"TOTAL";"GENCONV";5;47,166;9,555373;"Liechtenstein"
"159";"NO";"TOTAL";"GENCONV";2650;60,472024;8,468946;"Norway"
"160";"CH";"TOTAL";"GENCONV";1410;46,818188;8,227512;"Switzerland"
"161";"BE";"SY";"TOTAL";995;50,503887;4,469936;"Belgium"
"162";"BG";"SY";"TOTAL";495;42,733883;25,48583;"Bulgaria"
"163";"CZ";"SY";"TOTAL";25;49,817492;15,472962;"Czech Republic"
"164";"DK";"SY";"TOTAL";625;56,26392;9,501785;"Denmark"
"165";"DE";"SY";"TOTAL";72770;51,165691;10,451526;"Germany"
"166";"EE";"SY";"TOTAL";20;58,595272;25,013607;"Estonia"
"167";"IE";"SY";"TOTAL";45;53,41291;-8,24389;"Ireland"
"168";"EL";"SY";"TOTAL";1350;39,074208;21,824312;"Greece"
"169";"ES";"SY";"TOTAL";655;40,463667;-3,74922;"Spain"
"170";"FR";"SY";"TOTAL";1825;46,227638;2,213749;"France"
"171";"HR";"SY";"TOTAL";10;45,1;15,2;"Croatia"
"172";"IT";"SY";"TOTAL";285;41,87194;12,56738;"Italy"
"173";"CY";"SY";"TOTAL";290;35,126413;33,429859;"Cyprus"
"174";"LV";"SY";"TOTAL";40;56,879635;24,603189;"Latvia"
"175";"LT";"SY";"TOTAL";95;55,169438;23,881275;"Lithuania"
"176";"LU";"SY";"TOTAL";160;49,815273;6,129583;"Luxembourg"
"177";"HU";"SY";"TOTAL";590;47,162494;19,503304;"Hungary"
"178";"MT";"SY";"TOTAL";50;35,937496;14,375416;"Malta"
"179";"NL";"SY";"TOTAL";870;52,132633;5,291266;"Netherlands"
"180";"AT";"SY";"TOTAL";5365;47,516231;14,550072;"Austria"
"181";"PL";"SY";"TOTAL";5;51,919438;19,145136;"Poland"
"182";"PT";"SY";"TOTAL";40;39,399872;-8,224454;"Portugal"
"183";"RO";"SY";"TOTAL";255;45,943161;24,96676;"Romania"
"184";"SI";"SY";"TOTAL";30;46,151241;14,995463;"Slovenia"
"185";"SK";"SY";"TOTAL";0;48,669026;19,699024;"Slovakia"
"186";"FI";"SY";"TOTAL";325;61,92411;25,748151;"Finland"
"187";"SE";"SY";"TOTAL";21330;60,128161;18,643501;"Sweden"
"188";"UK";"SY";"TOTAL";320;55,378051;-3,435973;"United Kingdom"
"189";"IS";"SY";"TOTAL";10;64,963051;-19,020835;"Iceland"
"190";"LI";"SY";"TOTAL";0;47,166;9,555373;"Liechtenstein"
"191";"NO";"SY";"TOTAL";2020;60,472024;8,468946;"Norway"
"192";"CH";"SY";"TOTAL";530;46,818188;8,227512;"Switzerland"
"193";"BE";"SY";"REJECTED";50;50,503887;4,469936;"Belgium"
"194";"BG";"SY";"REJECTED";50;42,733883;25,48583;"Bulgaria"
"195";"CZ";"SY";"REJECTED";0;49,817492;15,472962;"Czech Republic"
"196";"DK";"SY";"REJECTED";55;56,26392;9,501785;"Denmark"
"197";"DE";"SY";"REJECTED";700;51,165691;10,451526;"Germany"
"198";"EE";"SY";"REJECTED";0;58,595272;25,013607;"Estonia"
"199";"IE";"SY";"REJECTED";0;53,41291;-8,24389;"Ireland"
"200";"EL";"SY";"REJECTED";385;39,074208;21,824312;"Greece"
"201";"ES";"SY";"REJECTED";55;40,463667;-3,74922;"Spain"
"202";"FR";"SY";"REJECTED";40;46,227638;2,213749;"France"
"203";"HR";"SY";"REJECTED";0;45,1;15,2;"Croatia"
"204";"IT";"SY";"REJECTED";0;41,87194;12,56738;"Italy"
"205";"CY";"SY";"REJECTED";0;35,126413;33,429859;"Cyprus"
"206";"LV";"SY";"REJECTED";0;56,879635;24,603189;"Latvia"
"207";"LT";"SY";"REJECTED";0;55,169438;23,881275;"Lithuania"
"208";"LU";"SY";"REJECTED";0;49,815273;6,129583;"Luxembourg"
"209";"HU";"SY";"REJECTED";575;47,162494;19,503304;"Hungary"
"210";"MT";"SY";"REJECTED";5;35,937496;14,375416;"Malta"
"211";"NL";"SY";"REJECTED";105;52,132633;5,291266;"Netherlands"
"212";"AT";"SY";"REJECTED";10;47,516231;14,550072;"Austria"
"213";"PL";"SY";"REJECTED";0;51,919438;19,145136;"Poland"
"214";"PT";"SY";"REJECTED";0;39,399872;-8,224454;"Portugal"
"215";"RO";"SY";"REJECTED";5;45,943161;24,96676;"Romania"
"216";"SI";"SY";"REJECTED";0;46,151241;14,995463;"Slovenia"
"217";"SK";"SY";"REJECTED";0;48,669026;19,699024;"Slovakia"
"218";"FI";"SY";"REJECTED";0;61,92411;25,748151;"Finland"
"219";"SE";"SY";"REJECTED";310;60,128161;18,643501;"Sweden"
"220";"UK";"SY";"REJECTED";50;55,378051;-3,435973;"United Kingdom"
"221";"IS";"SY";"REJECTED";0;64,963051;-19,020835;"Iceland"
"222";"LI";"SY";"REJECTED";0;47,166;9,555373;"Liechtenstein"
"223";"NO";"SY";"REJECTED";285;60,472024;8,468946;"Norway"
"224";"CH";"SY";"REJECTED";25;46,818188;8,227512;"Switzerland"
"225";"BE";"SY";"SUB_PROT";235;50,503887;4,469936;"Belgium"
"226";"BG";"SY";"SUB_PROT";200;42,733883;25,48583;"Bulgaria"
"227";"CZ";"SY";"SUB_PROT";25;49,817492;15,472962;"Czech Republic"
"228";"DK";"SY";"SUB_PROT";310;56,26392;9,501785;"Denmark"
"229";"DE";"SY";"SUB_PROT";46965;51,165691;10,451526;"Germany"
"230";"EE";"SY";"SUB_PROT";10;58,595272;25,013607;"Estonia"
"231";"IE";"SY";"SUB_PROT";0;53,41291;-8,24389;"Ireland"
"232";"EL";"SY";"SUB_PROT";0;39,074208;21,824312;"Greece"
"233";"ES";"SY";"SUB_PROT";580;40,463667;-3,74922;"Spain"
"234";"FR";"SY";"SUB_PROT";1205;46,227638;2,213749;"France"
"235";"HR";"SY";"SUB_PROT";5;45,1;15,2;"Croatia"
"236";"IT";"SY";"SUB_PROT";10;41,87194;12,56738;"Italy"
"237";"CY";"SY";"SUB_PROT";275;35,126413;33,429859;"Cyprus"
"238";"LV";"SY";"SUB_PROT";35;56,879635;24,603189;"Latvia"
"239";"LT";"SY";"SUB_PROT";0;55,169438;23,881275;"Lithuania"
"240";"LU";"SY";"SUB_PROT";0;49,815273;6,129583;"Luxembourg"
"241";"HU";"SY";"SUB_PROT";15;47,162494;19,503304;"Hungary"
"242";"MT";"SY";"SUB_PROT";35;35,937496;14,375416;"Malta"
"243";"NL";"SY";"SUB_PROT";500;52,132633;5,291266;"Netherlands"
"244";"AT";"SY";"SUB_PROT";460;47,516231;14,550072;"Austria"
"245";"PL";"SY";"SUB_PROT";0;51,919438;19,145136;"Poland"
"246";"PT";"SY";"SUB_PROT";15;39,399872;-8,224454;"Portugal"
"247";"RO";"SY";"SUB_PROT";60;45,943161;24,96676;"Romania"
"248";"SI";"SY";"SUB_PROT";5;46,151241;14,995463;"Slovenia"
"249";"SK";"SY";"SUB_PROT";0;48,669026;19,699024;"Slovakia"
"250";"FI";"SY";"SUB_PROT";80;61,92411;25,748151;"Finland"
"251";"SE";"SY";"SUB_PROT";19765;60,128161;18,643501;"Sweden"
"252";"UK";"SY";"SUB_PROT";0;55,378051;-3,435973;"United Kingdom"
"253";"IS";"SY";"SUB_PROT";5;64,963051;-19,020835;"Iceland"
"254";"LI";"SY";"SUB_PROT";0;47,166;9,555373;"Liechtenstein"
"255";"NO";"SY";"SUB_PROT";0;60,472024;8,468946;"Norway"
"256";"CH";"SY";"SUB_PROT";20;46,818188;8,227512;"Switzerland"
"257";"BE";"SY";"HUMSTAT";NA;50,503887;4,469936;"Belgium"
"258";"BG";"SY";"HUMSTAT";NA;42,733883;25,48583;"Bulgaria"
"259";"CZ";"SY";"HUMSTAT";0;49,817492;15,472962;"Czech Republic"
"260";"DK";"SY";"HUMSTAT";0;56,26392;9,501785;"Denmark"
"261";"DE";"SY";"HUMSTAT";485;51,165691;10,451526;"Germany"
"262";"EE";"SY";"HUMSTAT";0;58,595272;25,013607;"Estonia"
"263";"IE";"SY";"HUMSTAT";NA;53,41291;-8,24389;"Ireland"
"264";"EL";"SY";"HUMSTAT";0;39,074208;21,824312;"Greece"
"265";"ES";"SY";"HUMSTAT";0;40,463667;-3,74922;"Spain"
"266";"FR";"SY";"HUMSTAT";NA;46,227638;2,213749;"France"
"267";"HR";"SY";"HUMSTAT";0;45,1;15,2;"Croatia"
"268";"IT";"SY";"HUMSTAT";0;41,87194;12,56738;"Italy"
"269";"CY";"SY";"HUMSTAT";0;35,126413;33,429859;"Cyprus"
"270";"LV";"SY";"HUMSTAT";NA;56,879635;24,603189;"Latvia"
"271";"LT";"SY";"HUMSTAT";0;55,169438;23,881275;"Lithuania"
"272";"LU";"SY";"HUMSTAT";NA;49,815273;6,129583;"Luxembourg"
"273";"HU";"SY";"HUMSTAT";0;47,162494;19,503304;"Hungary"
"274";"MT";"SY";"HUMSTAT";0;35,937496;14,375416;"Malta"
"275";"NL";"SY";"HUMSTAT";5;52,132633;5,291266;"Netherlands"
"276";"AT";"SY";"HUMSTAT";0;47,516231;14,550072;"Austria"
"277";"PL";"SY";"HUMSTAT";0;51,919438;19,145136;"Poland"
"278";"PT";"SY";"HUMSTAT";NA;39,399872;-8,224454;"Portugal"
"279";"RO";"SY";"HUMSTAT";0;45,943161;24,96676;"Romania"
"280";"SI";"SY";"HUMSTAT";NA;46,151241;14,995463;"Slovenia"
"281";"SK";"SY";"HUMSTAT";0;48,669026;19,699024;"Slovakia"
"282";"FI";"SY";"HUMSTAT";0;61,92411;25,748151;"Finland"
"283";"SE";"SY";"HUMSTAT";10;60,128161;18,643501;"Sweden"
"284";"UK";"SY";"HUMSTAT";0;55,378051;-3,435973;"United Kingdom"
"285";"IS";"SY";"HUMSTAT";0;64,963051;-19,020835;"Iceland"
"286";"LI";"SY";"HUMSTAT";0;47,166;9,555373;"Liechtenstein"
"287";"NO";"SY";"HUMSTAT";5;60,472024;8,468946;"Norway"
"288";"CH";"SY";"HUMSTAT";270;46,818188;8,227512;"Switzerland"
"289";"BE";"SY";"GENCONV";710;50,503887;4,469936;"Belgium"
"290";"BG";"SY";"GENCONV";245;42,733883;25,48583;"Bulgaria"
"291";"CZ";"SY";"GENCONV";0;49,817492;15,472962;"Czech Republic"
"292";"DK";"SY";"GENCONV";260;56,26392;9,501785;"Denmark"
"293";"DE";"SY";"GENCONV";24620;51,165691;10,451526;"Germany"
"294";"EE";"SY";"GENCONV";10;58,595272;25,013607;"Estonia"
"295";"IE";"SY";"GENCONV";45;53,41291;-8,24389;"Ireland"
"296";"EL";"SY";"GENCONV";965;39,074208;21,824312;"Greece"
"297";"ES";"SY";"GENCONV";20;40,463667;-3,74922;"Spain"
"298";"FR";"SY";"GENCONV";580;46,227638;2,213749;"France"
"299";"HR";"SY";"GENCONV";5;45,1;15,2;"Croatia"
"300";"IT";"SY";"GENCONV";270;41,87194;12,56738;"Italy"
"301";"CY";"SY";"GENCONV";15;35,126413;33,429859;"Cyprus"
"302";"LV";"SY";"GENCONV";5;56,879635;24,603189;"Latvia"
"303";"LT";"SY";"GENCONV";95;55,169438;23,881275;"Lithuania"
"304";"LU";"SY";"GENCONV";155;49,815273;6,129583;"Luxembourg"
"305";"HU";"SY";"GENCONV";0;47,162494;19,503304;"Hungary"
"306";"MT";"SY";"GENCONV";10;35,937496;14,375416;"Malta"
"307";"NL";"SY";"GENCONV";260;52,132633;5,291266;"Netherlands"
"308";"AT";"SY";"GENCONV";4895;47,516231;14,550072;"Austria"
"309";"PL";"SY";"GENCONV";5;51,919438;19,145136;"Poland"
"310";"PT";"SY";"GENCONV";20;39,399872;-8,224454;"Portugal"
"311";"RO";"SY";"GENCONV";195;45,943161;24,96676;"Romania"
"312";"SI";"SY";"GENCONV";25;46,151241;14,995463;"Slovenia"
"313";"SK";"SY";"GENCONV";0;48,669026;19,699024;"Slovakia"
"314";"FI";"SY";"GENCONV";245;61,92411;25,748151;"Finland"
"315";"SE";"SY";"GENCONV";1240;60,128161;18,643501;"Sweden"
"316";"UK";"SY";"GENCONV";270;55,378051;-3,435973;"United Kingdom"
"317";"IS";"SY";"GENCONV";5;64,963051;-19,020835;"Iceland"
"318";"LI";"SY";"GENCONV";0;47,166;9,555373;"Liechtenstein"
"319";"NO";"SY";"GENCONV";1725;60,472024;8,468946;"Norway"
"320";"CH";"SY";"GENCONV";210;46,818188;8,227512;"Switzerland"
"321";"BE";"IQ";"TOTAL";1510;50,503887;4,469936;"Belgium"
"322";"BG";"IQ";"TOTAL";200;42,733883;25,48583;"Bulgaria"
"323";"CZ";"IQ";"TOTAL";10;49,817492;15,472962;"Czech Republic"
"324";"DK";"IQ";"TOTAL";325;56,26392;9,501785;"Denmark"
"325";"DE";"IQ";"TOTAL";29360;51,165691;10,451526;"Germany"
"326";"EE";"IQ";"TOTAL";0;58,595272;25,013607;"Estonia"
"327";"IE";"IQ";"TOTAL";15;53,41291;-8,24389;"Ireland"
"328";"EL";"IQ";"TOTAL";35;39,074208;21,824312;"Greece"
"329";"ES";"IQ";"TOTAL";50;40,463667;-3,74922;"Spain"
"330";"FR";"IQ";"TOTAL";795;46,227638;2,213749;"France"
"331";"HR";"IQ";"TOTAL";10;45,1;15,2;"Croatia"
"332";"IT";"IQ";"TOTAL";290;41,87194;12,56738;"Italy"
"333";"CY";"IQ";"TOTAL";5;35,126413;33,429859;"Cyprus"
"334";"LV";"IQ";"TOTAL";0;56,879635;24,603189;"Latvia"
"335";"LT";"IQ";"TOTAL";10;55,169438;23,881275;"Lithuania"
"336";"LU";"IQ";"TOTAL";95;49,815273;6,129583;"Luxembourg"
"337";"HU";"IQ";"TOTAL";285;47,162494;19,503304;"Hungary"
"338";"MT";"IQ";"TOTAL";5;35,937496;14,375416;"Malta"
"339";"NL";"IQ";"TOTAL";490;52,132633;5,291266;"Netherlands"
"340";"AT";"IQ";"TOTAL";1230;47,516231;14,550072;"Austria"
"341";"PL";"IQ";"TOTAL";0;51,919438;19,145136;"Poland"
"342";"PT";"IQ";"TOTAL";0;39,399872;-8,224454;"Portugal"
"343";"RO";"IQ";"TOTAL";55;45,943161;24,96676;"Romania"
"344";"SI";"IQ";"TOTAL";15;46,151241;14,995463;"Slovenia"
"345";"SK";"IQ";"TOTAL";0;48,669026;19,699024;"Slovakia"
"346";"FI";"IQ";"TOTAL";3895;61,92411;25,748151;"Finland"
"347";"SE";"IQ";"TOTAL";2110;60,128161;18,643501;"Sweden"
"348";"UK";"IQ";"TOTAL";680;55,378051;-3,435973;"United Kingdom"
"349";"IS";"IQ";"TOTAL";10;64,963051;-19,020835;"Iceland"
"350";"LI";"IQ";"TOTAL";0;47,166;9,555373;"Liechtenstein"
"351";"NO";"IQ";"TOTAL";470;60,472024;8,468946;"Norway"
"352";"CH";"IQ";"TOTAL";225;46,818188;8,227512;"Switzerland"
"353";"BE";"IQ";"REJECTED";665;50,503887;4,469936;"Belgium"
"354";"BG";"IQ";"REJECTED";160;42,733883;25,48583;"Bulgaria"
"355";"CZ";"IQ";"REJECTED";5;49,817492;15,472962;"Czech Republic"
"356";"DK";"IQ";"REJECTED";275;56,26392;9,501785;"Denmark"
"357";"DE";"IQ";"REJECTED";8095;51,165691;10,451526;"Germany"
"358";"EE";"IQ";"REJECTED";0;58,595272;25,013607;"Estonia"
"359";"IE";"IQ";"REJECTED";5;53,41291;-8,24389;"Ireland"
"360";"EL";"IQ";"REJECTED";10;39,074208;21,824312;"Greece"
"361";"ES";"IQ";"REJECTED";0;40,463667;-3,74922;"Spain"
"362";"FR";"IQ";"REJECTED";150;46,227638;2,213749;"France"
"363";"HR";"IQ";"REJECTED";5;45,1;15,2;"Croatia"
"364";"IT";"IQ";"REJECTED";25;41,87194;12,56738;"Italy"
"365";"CY";"IQ";"REJECTED";0;35,126413;33,429859;"Cyprus"
"366";"LV";"IQ";"REJECTED";0;56,879635;24,603189;"Latvia"
"367";"LT";"IQ";"REJECTED";10;55,169438;23,881275;"Lithuania"
"368";"LU";"IQ";"REJECTED";20;49,815273;6,129583;"Luxembourg"
"369";"HU";"IQ";"REJECTED";280;47,162494;19,503304;"Hungary"
"370";"MT";"IQ";"REJECTED";0;35,937496;14,375416;"Malta"
"371";"NL";"IQ";"REJECTED";340;52,132633;5,291266;"Netherlands"
"372";"AT";"IQ";"REJECTED";305;47,516231;14,550072;"Austria"
"373";"PL";"IQ";"REJECTED";0;51,919438;19,145136;"Poland"
"374";"PT";"IQ";"REJECTED";0;39,399872;-8,224454;"Portugal"
"375";"RO";"IQ";"REJECTED";10;45,943161;24,96676;"Romania"
"376";"SI";"IQ";"REJECTED";5;46,151241;14,995463;"Slovenia"
"377";"SK";"IQ";"REJECTED";0;48,669026;19,699024;"Slovakia"
"378";"FI";"IQ";"REJECTED";3060;61,92411;25,748151;"Finland"
"379";"SE";"IQ";"REJECTED";1350;60,128161;18,643501;"Sweden"
"380";"UK";"IQ";"REJECTED";605;55,378051;-3,435973;"United Kingdom"
"381";"IS";"IQ";"REJECTED";0;64,963051;-19,020835;"Iceland"
"382";"LI";"IQ";"REJECTED";0;47,166;9,555373;"Liechtenstein"
"383";"NO";"IQ";"REJECTED";370;60,472024;8,468946;"Norway"
"384";"CH";"IQ";"REJECTED";70;46,818188;8,227512;"Switzerland"
"385";"BE";"IQ";"SUB_PROT";130;50,503887;4,469936;"Belgium"
"386";"BG";"IQ";"SUB_PROT";20;42,733883;25,48583;"Bulgaria"
"387";"CZ";"IQ";"SUB_PROT";5;49,817492;15,472962;"Czech Republic"
"388";"DK";"IQ";"SUB_PROT";15;56,26392;9,501785;"Denmark"
"389";"DE";"IQ";"SUB_PROT";6210;51,165691;10,451526;"Germany"
"390";"EE";"IQ";"SUB_PROT";0;58,595272;25,013607;"Estonia"
"391";"IE";"IQ";"SUB_PROT";0;53,41291;-8,24389;"Ireland"
"392";"EL";"IQ";"SUB_PROT";5;39,074208;21,824312;"Greece"
"393";"ES";"IQ";"SUB_PROT";35;40,463667;-3,74922;"Spain"
"394";"FR";"IQ";"SUB_PROT";180;46,227638;2,213749;"France"
"395";"HR";"IQ";"SUB_PROT";0;45,1;15,2;"Croatia"
"396";"IT";"IQ";"SUB_PROT";185;41,87194;12,56738;"Italy"
"397";"CY";"IQ";"SUB_PROT";5;35,126413;33,429859;"Cyprus"
"398";"LV";"IQ";"SUB_PROT";0;56,879635;24,603189;"Latvia"
"399";"LT";"IQ";"SUB_PROT";0;55,169438;23,881275;"Lithuania"
"400";"LU";"IQ";"SUB_PROT";5;49,815273;6,129583;"Luxembourg"
"401";"HU";"IQ";"SUB_PROT";5;47,162494;19,503304;"Hungary"
"402";"MT";"IQ";"SUB_PROT";0;35,937496;14,375416;"Malta"
"403";"NL";"IQ";"SUB_PROT";110;52,132633;5,291266;"Netherlands"
"404";"AT";"IQ";"SUB_PROT";370;47,516231;14,550072;"Austria"
"405";"PL";"IQ";"SUB_PROT";0;51,919438;19,145136;"Poland"
"406";"PT";"IQ";"SUB_PROT";0;39,399872;-8,224454;"Portugal"
"407";"RO";"IQ";"SUB_PROT";20;45,943161;24,96676;"Romania"
"408";"SI";"IQ";"SUB_PROT";0;46,151241;14,995463;"Slovenia"
"409";"SK";"IQ";"SUB_PROT";0;48,669026;19,699024;"Slovakia"
"410";"FI";"IQ";"SUB_PROT";155;61,92411;25,748151;"Finland"
"411";"SE";"IQ";"SUB_PROT";265;60,128161;18,643501;"Sweden"
"412";"UK";"IQ";"SUB_PROT";10;55,378051;-3,435973;"United Kingdom"
"413";"IS";"IQ";"SUB_PROT";5;64,963051;-19,020835;"Iceland"
"414";"LI";"IQ";"SUB_PROT";0;47,166;9,555373;"Liechtenstein"
"415";"NO";"IQ";"SUB_PROT";15;60,472024;8,468946;"Norway"
"416";"CH";"IQ";"SUB_PROT";5;46,818188;8,227512;"Switzerland"
"417";"BE";"IQ";"HUMSTAT";NA;50,503887;4,469936;"Belgium"
"418";"BG";"IQ";"HUMSTAT";NA;42,733883;25,48583;"Bulgaria"
"419";"CZ";"IQ";"HUMSTAT";0;49,817492;15,472962;"Czech Republic"
"420";"DK";"IQ";"HUMSTAT";0;56,26392;9,501785;"Denmark"
"421";"DE";"IQ";"HUMSTAT";235;51,165691;10,451526;"Germany"
"422";"EE";"IQ";"HUMSTAT";0;58,595272;25,013607;"Estonia"
"423";"IE";"IQ";"HUMSTAT";NA;53,41291;-8,24389;"Ireland"
"424";"EL";"IQ";"HUMSTAT";0;39,074208;21,824312;"Greece"
"425";"ES";"IQ";"HUMSTAT";0;40,463667;-3,74922;"Spain"
"426";"FR";"IQ";"HUMSTAT";NA;46,227638;2,213749;"France"
"427";"HR";"IQ";"HUMSTAT";0;45,1;15,2;"Croatia"
"428";"IT";"IQ";"HUMSTAT";5;41,87194;12,56738;"Italy"
"429";"CY";"IQ";"HUMSTAT";0;35,126413;33,429859;"Cyprus"
"430";"LV";"IQ";"HUMSTAT";NA;56,879635;24,603189;"Latvia"
"431";"LT";"IQ";"HUMSTAT";0;55,169438;23,881275;"Lithuania"
"432";"LU";"IQ";"HUMSTAT";NA;49,815273;6,129583;"Luxembourg"
"433";"HU";"IQ";"HUMSTAT";0;47,162494;19,503304;"Hungary"
"434";"MT";"IQ";"HUMSTAT";0;35,937496;14,375416;"Malta"
"435";"NL";"IQ";"HUMSTAT";10;52,132633;5,291266;"Netherlands"
"436";"AT";"IQ";"HUMSTAT";0;47,516231;14,550072;"Austria"
"437";"PL";"IQ";"HUMSTAT";0;51,919438;19,145136;"Poland"
"438";"PT";"IQ";"HUMSTAT";NA;39,399872;-8,224454;"Portugal"
"439";"RO";"IQ";"HUMSTAT";0;45,943161;24,96676;"Romania"
"440";"SI";"IQ";"HUMSTAT";NA;46,151241;14,995463;"Slovenia"
"441";"SK";"IQ";"HUMSTAT";0;48,669026;19,699024;"Slovakia"
"442";"FI";"IQ";"HUMSTAT";55;61,92411;25,748151;"Finland"
"443";"SE";"IQ";"HUMSTAT";40;60,128161;18,643501;"Sweden"
"444";"UK";"IQ";"HUMSTAT";25;55,378051;-3,435973;"United Kingdom"
"445";"IS";"IQ";"HUMSTAT";0;64,963051;-19,020835;"Iceland"
"446";"LI";"IQ";"HUMSTAT";0;47,166;9,555373;"Liechtenstein"
"447";"NO";"IQ";"HUMSTAT";15;60,472024;8,468946;"Norway"
"448";"CH";"IQ";"HUMSTAT";100;46,818188;8,227512;"Switzerland"
"449";"BE";"IQ";"GENCONV";715;50,503887;4,469936;"Belgium"
"450";"BG";"IQ";"GENCONV";20;42,733883;25,48583;"Bulgaria"
"451";"CZ";"IQ";"GENCONV";0;49,817492;15,472962;"Czech Republic"
"452";"DK";"IQ";"GENCONV";35;56,26392;9,501785;"Denmark"
"453";"DE";"IQ";"GENCONV";14820;51,165691;10,451526;"Germany"
"454";"EE";"IQ";"GENCONV";0;58,595272;25,013607;"Estonia"
"455";"IE";"IQ";"GENCONV";10;53,41291;-8,24389;"Ireland"
"456";"EL";"IQ";"GENCONV";20;39,074208;21,824312;"Greece"
"457";"ES";"IQ";"GENCONV";15;40,463667;-3,74922;"Spain"
"458";"FR";"IQ";"GENCONV";465;46,227638;2,213749;"France"
"459";"HR";"IQ";"GENCONV";5;45,1;15,2;"Croatia"
"460";"IT";"IQ";"GENCONV";75;41,87194;12,56738;"Italy"
"461";"CY";"IQ";"GENCONV";5;35,126413;33,429859;"Cyprus"
"462";"LV";"IQ";"GENCONV";0;56,879635;24,603189;"Latvia"
"463";"LT";"IQ";"GENCONV";0;55,169438;23,881275;"Lithuania"
"464";"LU";"IQ";"GENCONV";70;49,815273;6,129583;"Luxembourg"
"465";"HU";"IQ";"GENCONV";0;47,162494;19,503304;"Hungary"
"466";"MT";"IQ";"GENCONV";5;35,937496;14,375416;"Malta"
"467";"NL";"IQ";"GENCONV";30;52,132633;5,291266;"Netherlands"
"468";"AT";"IQ";"GENCONV";550;47,516231;14,550072;"Austria"
"469";"PL";"IQ";"GENCONV";0;51,919438;19,145136;"Poland"
"470";"PT";"IQ";"GENCONV";0;39,399872;-8,224454;"Portugal"
"471";"RO";"IQ";"GENCONV";30;45,943161;24,96676;"Romania"
"472";"SI";"IQ";"GENCONV";10;46,151241;14,995463;"Slovenia"
"473";"SK";"IQ";"GENCONV";0;48,669026;19,699024;"Slovakia"
"474";"FI";"IQ";"GENCONV";625;61,92411;25,748151;"Finland"
"475";"SE";"IQ";"GENCONV";455;60,128161;18,643501;"Sweden"
"476";"UK";"IQ";"GENCONV";45;55,378051;-3,435973;"United Kingdom"
"477";"IS";"IQ";"GENCONV";0;64,963051;-19,020835;"Iceland"
"478";"LI";"IQ";"GENCONV";0;47,166;9,555373;"Liechtenstein"
"479";"NO";"IQ";"GENCONV";65;60,472024;8,468946;"Norway"
"480";"CH";"IQ";"GENCONV";50;46,818188;8,227512;"Switzerland"
"481";"BE";"AF";"TOTAL";795;50,503887;4,469936;"Belgium"
"482";"BG";"AF";"TOTAL";365;42,733883;25,48583;"Bulgaria"
"483";"CZ";"AF";"TOTAL";5;49,817492;15,472962;"Czech Republic"
"484";"DK";"AF";"TOTAL";570;56,26392;9,501785;"Denmark"
"485";"DE";"AF";"TOTAL";40205;51,165691;10,451526;"Germany"
"486";"EE";"AF";"TOTAL";0;58,595272;25,013607;"Estonia"
"487";"IE";"AF";"TOTAL";25;53,41291;-8,24389;"Ireland"
"488";"EL";"AF";"TOTAL";80;39,074208;21,824312;"Greece"
"489";"ES";"AF";"TOTAL";15;40,463667;-3,74922;"Spain"
"490";"FR";"AF";"TOTAL";1575;46,227638;2,213749;"France"
"491";"HR";"AF";"TOTAL";20;45,1;15,2;"Croatia"
"492";"IT";"AF";"TOTAL";1060;41,87194;12,56738;"Italy"
"493";"CY";"AF";"TOTAL";0;35,126413;33,429859;"Cyprus"
"494";"LV";"AF";"TOTAL";0;56,879635;24,603189;"Latvia"
"495";"LT";"AF";"TOTAL";0;55,169438;23,881275;"Lithuania"
"496";"LU";"AF";"TOTAL";5;49,815273;6,129583;"Luxembourg"
"497";"HU";"AF";"TOTAL";915;47,162494;19,503304;"Hungary"
"498";"MT";"AF";"TOTAL";0;35,937496;14,375416;"Malta"
"499";"NL";"AF";"TOTAL";325;52,132633;5,291266;"Netherlands"
"500";"AT";"AF";"TOTAL";2875;47,516231;14,550072;"Austria"
"501";"PL";"AF";"TOTAL";0;51,919438;19,145136;"Poland"
"502";"PT";"AF";"TOTAL";0;39,399872;-8,224454;"Portugal"
"503";"RO";"AF";"TOTAL";20;45,943161;24,96676;"Romania"
"504";"SI";"AF";"TOTAL";15;46,151241;14,995463;"Slovenia"
"505";"SK";"AF";"TOTAL";5;48,669026;19,699024;"Slovakia"
"506";"FI";"AF";"TOTAL";1610;61,92411;25,748151;"Finland"
"507";"SE";"AF";"TOTAL";4290;60,128161;18,643501;"Sweden"
"508";"UK";"AF";"TOTAL";585;55,378051;-3,435973;"United Kingdom"
"509";"IS";"AF";"TOTAL";5;64,963051;-19,020835;"Iceland"
"510";"LI";"AF";"TOTAL";0;47,166;9,555373;"Liechtenstein"
"511";"NO";"AF";"TOTAL";1155;60,472024;8,468946;"Norway"
"512";"CH";"AF";"TOTAL";610;46,818188;8,227512;"Switzerland"
"513";"BE";"AF";"REJECTED";280;50,503887;4,469936;"Belgium"
"514";"BG";"AF";"REJECTED";365;42,733883;25,48583;"Bulgaria"
"515";"CZ";"AF";"REJECTED";0;49,817492;15,472962;"Czech Republic"
"516";"DK";"AF";"REJECTED";405;56,26392;9,501785;"Denmark"
"517";"DE";"AF";"REJECTED";14145;51,165691;10,451526;"Germany"
"518";"EE";"AF";"REJECTED";0;58,595272;25,013607;"Estonia"
"519";"IE";"AF";"REJECTED";15;53,41291;-8,24389;"Ireland"
"520";"EL";"AF";"REJECTED";35;39,074208;21,824312;"Greece"
"521";"ES";"AF";"REJECTED";0;40,463667;-3,74922;"Spain"
"522";"FR";"AF";"REJECTED";270;46,227638;2,213749;"France"
"523";"HR";"AF";"REJECTED";10;45,1;15,2;"Croatia"
"524";"IT";"AF";"REJECTED";45;41,87194;12,56738;"Italy"
"525";"CY";"AF";"REJECTED";0;35,126413;33,429859;"Cyprus"
"526";"LV";"AF";"REJECTED";0;56,879635;24,603189;"Latvia"
"527";"LT";"AF";"REJECTED";0;55,169438;23,881275;"Lithuania"
"528";"LU";"AF";"REJECTED";0;49,815273;6,129583;"Luxembourg"
"529";"HU";"AF";"REJECTED";900;47,162494;19,503304;"Hungary"
"530";"MT";"AF";"REJECTED";0;35,937496;14,375416;"Malta"
"531";"NL";"AF";"REJECTED";210;52,132633;5,291266;"Netherlands"
"532";"AT";"AF";"REJECTED";1310;47,516231;14,550072;"Austria"
"533";"PL";"AF";"REJECTED";0;51,919438;19,145136;"Poland"
"534";"PT";"AF";"REJECTED";0;39,399872;-8,224454;"Portugal"
"535";"RO";"AF";"REJECTED";20;45,943161;24,96676;"Romania"
"536";"SI";"AF";"REJECTED";10;46,151241;14,995463;"Slovenia"
"537";"SK";"AF";"REJECTED";0;48,669026;19,699024;"Slovakia"
"538";"FI";"AF";"REJECTED";935;61,92411;25,748151;"Finland"
"539";"SE";"AF";"REJECTED";2525;60,128161;18,643501;"Sweden"
"540";"UK";"AF";"REJECTED";365;55,378051;-3,435973;"United Kingdom"
"541";"IS";"AF";"REJECTED";5;64,963051;-19,020835;"Iceland"
"542";"LI";"AF";"REJECTED";0;47,166;9,555373;"Liechtenstein"
"543";"NO";"AF";"REJECTED";690;60,472024;8,468946;"Norway"
"544";"CH";"AF";"REJECTED";60;46,818188;8,227512;"Switzerland"
"545";"BE";"AF";"SUB_PROT";330;50,503887;4,469936;"Belgium"
"546";"BG";"AF";"SUB_PROT";0;42,733883;25,48583;"Bulgaria"
"547";"CZ";"AF";"SUB_PROT";0;49,817492;15,472962;"Czech Republic"
"548";"DK";"AF";"SUB_PROT";125;56,26392;9,501785;"Denmark"
"549";"DE";"AF";"SUB_PROT";3685;51,165691;10,451526;"Germany"
"550";"EE";"AF";"SUB_PROT";0;58,595272;25,013607;"Estonia"
"551";"IE";"AF";"SUB_PROT";0;53,41291;-8,24389;"Ireland"
"552";"EL";"AF";"SUB_PROT";10;39,074208;21,824312;"Greece"
"553";"ES";"AF";"SUB_PROT";10;40,463667;-3,74922;"Spain"
"554";"FR";"AF";"SUB_PROT";1035;46,227638;2,213749;"France"
"555";"HR";"AF";"SUB_PROT";0;45,1;15,2;"Croatia"
"556";"IT";"AF";"SUB_PROT";905;41,87194;12,56738;"Italy"
"557";"CY";"AF";"SUB_PROT";0;35,126413;33,429859;"Cyprus"
"558";"LV";"AF";"SUB_PROT";0;56,879635;24,603189;"Latvia"
"559";"LT";"AF";"SUB_PROT";0;55,169438;23,881275;"Lithuania"
"560";"LU";"AF";"SUB_PROT";0;49,815273;6,129583;"Luxembourg"
"561";"HU";"AF";"SUB_PROT";10;47,162494;19,503304;"Hungary"
"562";"MT";"AF";"SUB_PROT";0;35,937496;14,375416;"Malta"
"563";"NL";"AF";"SUB_PROT";70;52,132633;5,291266;"Netherlands"
"564";"AT";"AF";"SUB_PROT";985;47,516231;14,550072;"Austria"
"565";"PL";"AF";"SUB_PROT";0;51,919438;19,145136;"Poland"
"566";"PT";"AF";"SUB_PROT";0;39,399872;-8,224454;"Portugal"
"567";"RO";"AF";"SUB_PROT";0;45,943161;24,96676;"Romania"
"568";"SI";"AF";"SUB_PROT";5;46,151241;14,995463;"Slovenia"
"569";"SK";"AF";"SUB_PROT";0;48,669026;19,699024;"Slovakia"
"570";"FI";"AF";"SUB_PROT";285;61,92411;25,748151;"Finland"
"571";"SE";"AF";"SUB_PROT";505;60,128161;18,643501;"Sweden"
"572";"UK";"AF";"SUB_PROT";0;55,378051;-3,435973;"United Kingdom"
"573";"IS";"AF";"SUB_PROT";0;64,963051;-19,020835;"Iceland"
"574";"LI";"AF";"SUB_PROT";0;47,166;9,555373;"Liechtenstein"
"575";"NO";"AF";"SUB_PROT";40;60,472024;8,468946;"Norway"
"576";"CH";"AF";"SUB_PROT";5;46,818188;8,227512;"Switzerland"
"577";"BE";"AF";"HUMSTAT";NA;50,503887;4,469936;"Belgium"
"578";"BG";"AF";"HUMSTAT";NA;42,733883;25,48583;"Bulgaria"
"579";"CZ";"AF";"HUMSTAT";0;49,817492;15,472962;"Czech Republic"
"580";"DK";"AF";"HUMSTAT";10;56,26392;9,501785;"Denmark"
"581";"DE";"AF";"HUMSTAT";13990;51,165691;10,451526;"Germany"
"582";"EE";"AF";"HUMSTAT";0;58,595272;25,013607;"Estonia"
"583";"IE";"AF";"HUMSTAT";NA;53,41291;-8,24389;"Ireland"
"584";"EL";"AF";"HUMSTAT";0;39,074208;21,824312;"Greece"
"585";"ES";"AF";"HUMSTAT";0;40,463667;-3,74922;"Spain"
"586";"FR";"AF";"HUMSTAT";NA;46,227638;2,213749;"France"
"587";"HR";"AF";"HUMSTAT";0;45,1;15,2;"Croatia"
"588";"IT";"AF";"HUMSTAT";10;41,87194;12,56738;"Italy"
"589";"CY";"AF";"HUMSTAT";0;35,126413;33,429859;"Cyprus"
"590";"LV";"AF";"HUMSTAT";NA;56,879635;24,603189;"Latvia"
"591";"LT";"AF";"HUMSTAT";0;55,169438;23,881275;"Lithuania"
"592";"LU";"AF";"HUMSTAT";NA;49,815273;6,129583;"Luxembourg"
"593";"HU";"AF";"HUMSTAT";0;47,162494;19,503304;"Hungary"
"594";"MT";"AF";"HUMSTAT";0;35,937496;14,375416;"Malta"
"595";"NL";"AF";"HUMSTAT";15;52,132633;5,291266;"Netherlands"
"596";"AT";"AF";"HUMSTAT";5;47,516231;14,550072;"Austria"
"597";"PL";"AF";"HUMSTAT";0;51,919438;19,145136;"Poland"
"598";"PT";"AF";"HUMSTAT";NA;39,399872;-8,224454;"Portugal"
"599";"RO";"AF";"HUMSTAT";0;45,943161;24,96676;"Romania"
"600";"SI";"AF";"HUMSTAT";NA;46,151241;14,995463;"Slovenia"
"601";"SK";"AF";"HUMSTAT";0;48,669026;19,699024;"Slovakia"
"602";"FI";"AF";"HUMSTAT";195;61,92411;25,748151;"Finland"
"603";"SE";"AF";"HUMSTAT";530;60,128161;18,643501;"Sweden"
"604";"UK";"AF";"HUMSTAT";55;55,378051;-3,435973;"United Kingdom"
"605";"IS";"AF";"HUMSTAT";0;64,963051;-19,020835;"Iceland"
"606";"LI";"AF";"HUMSTAT";0;47,166;9,555373;"Liechtenstein"
"607";"NO";"AF";"HUMSTAT";320;60,472024;8,468946;"Norway"
"608";"CH";"AF";"HUMSTAT";480;46,818188;8,227512;"Switzerland"
"609";"BE";"AF";"GENCONV";190;50,503887;4,469936;"Belgium"
"610";"BG";"AF";"GENCONV";0;42,733883;25,48583;"Bulgaria"
"611";"CZ";"AF";"GENCONV";5;49,817492;15,472962;"Czech Republic"
"612";"DK";"AF";"GENCONV";35;56,26392;9,501785;"Denmark"
"613";"DE";"AF";"GENCONV";8385;51,165691;10,451526;"Germany"
"614";"EE";"AF";"GENCONV";0;58,595272;25,013607;"Estonia"
"615";"IE";"AF";"GENCONV";10;53,41291;-8,24389;"Ireland"
"616";"EL";"AF";"GENCONV";30;39,074208;21,824312;"Greece"
"617";"ES";"AF";"GENCONV";5;40,463667;-3,74922;"Spain"
"618";"FR";"AF";"GENCONV";270;46,227638;2,213749;"France"
"619";"HR";"AF";"GENCONV";15;45,1;15,2;"Croatia"
"620";"IT";"AF";"GENCONV";105;41,87194;12,56738;"Italy"
"621";"CY";"AF";"GENCONV";0;35,126413;33,429859;"Cyprus"
"622";"LV";"AF";"GENCONV";0;56,879635;24,603189;"Latvia"
"623";"LT";"AF";"GENCONV";0;55,169438;23,881275;"Lithuania"
"624";"LU";"AF";"GENCONV";0;49,815273;6,129583;"Luxembourg"
"625";"HU";"AF";"GENCONV";0;47,162494;19,503304;"Hungary"
"626";"MT";"AF";"GENCONV";0;35,937496;14,375416;"Malta"
"627";"NL";"AF";"GENCONV";35;52,132633;5,291266;"Netherlands"
"628";"AT";"AF";"GENCONV";575;47,516231;14,550072;"Austria"
"629";"PL";"AF";"GENCONV";0;51,919438;19,145136;"Poland"
"630";"PT";"AF";"GENCONV";0;39,399872;-8,224454;"Portugal"
"631";"RO";"AF";"GENCONV";5;45,943161;24,96676;"Romania"
"632";"SI";"AF";"GENCONV";0;46,151241;14,995463;"Slovenia"
"633";"SK";"AF";"GENCONV";0;48,669026;19,699024;"Slovakia"
"634";"FI";"AF";"GENCONV";200;61,92411;25,748151;"Finland"
"635";"SE";"AF";"GENCONV";735;60,128161;18,643501;"Sweden"
"636";"UK";"AF";"GENCONV";165;55,378051;-3,435973;"United Kingdom"
"637";"IS";"AF";"GENCONV";0;64,963051;-19,020835;"Iceland"
"638";"LI";"AF";"GENCONV";0;47,166;9,555373;"Liechtenstein"
"639";"NO";"AF";"GENCONV";105;60,472024;8,468946;"Norway"
"640";"CH";"AF";"GENCONV";65;46,818188;8,227512;"Switzerland"
"641";"BE";"NG";"TOTAL";30;50,503887;4,469936;"Belgium"
"642";"BG";"NG";"TOTAL";0;42,733883;25,48583;"Bulgaria"
"643";"CZ";"NG";"TOTAL";5;49,817492;15,472962;"Czech Republic"
"644";"DK";"NG";"TOTAL";5;56,26392;9,501785;"Denmark"
"645";"DE";"NG";"TOTAL";1290;51,165691;10,451526;"Germany"
"646";"EE";"NG";"TOTAL";0;58,595272;25,013607;"Estonia"
"647";"IE";"NG";"TOTAL";45;53,41291;-8,24389;"Ireland"
"648";"EL";"NG";"TOTAL";55;39,074208;21,824312;"Greece"
"649";"ES";"NG";"TOTAL";30;40,463667;-3,74922;"Spain"
"650";"FR";"NG";"TOTAL";575;46,227638;2,213749;"France"
"651";"HR";"NG";"TOTAL";0;45,1;15,2;"Croatia"
"652";"IT";"NG";"TOTAL";4775;41,87194;12,56738;"Italy"
"653";"CY";"NG";"TOTAL";0;35,126413;33,429859;"Cyprus"
"654";"LV";"NG";"TOTAL";0;56,879635;24,603189;"Latvia"
"655";"LT";"NG";"TOTAL";0;55,169438;23,881275;"Lithuania"
"656";"LU";"NG";"TOTAL";5;49,815273;6,129583;"Luxembourg"
"657";"HU";"NG";"TOTAL";15;47,162494;19,503304;"Hungary"
"658";"MT";"NG";"TOTAL";5;35,937496;14,375416;"Malta"
"659";"NL";"NG";"TOTAL";60;52,132633;5,291266;"Netherlands"
"660";"AT";"NG";"TOTAL";175;47,516231;14,550072;"Austria"
"661";"PL";"NG";"TOTAL";0;51,919438;19,145136;"Poland"
"662";"PT";"NG";"TOTAL";0;39,399872;-8,224454;"Portugal"
"663";"RO";"NG";"TOTAL";0;45,943161;24,96676;"Romania"
"664";"SI";"NG";"TOTAL";0;46,151241;14,995463;"Slovenia"
"665";"SK";"NG";"TOTAL";0;48,669026;19,699024;"Slovakia"
"666";"FI";"NG";"TOTAL";30;61,92411;25,748151;"Finland"
"667";"SE";"NG";"TOTAL";80;60,128161;18,643501;"Sweden"
"668";"UK";"NG";"TOTAL";380;55,378051;-3,435973;"United Kingdom"
"669";"IS";"NG";"TOTAL";5;64,963051;-19,020835;"Iceland"
"670";"LI";"NG";"TOTAL";0;47,166;9,555373;"Liechtenstein"
"671";"NO";"NG";"TOTAL";10;60,472024;8,468946;"Norway"
"672";"CH";"NG";"TOTAL";95;46,818188;8,227512;"Switzerland"
"673";"BE";"NG";"REJECTED";25;50,503887;4,469936;"Belgium"
"674";"BG";"NG";"REJECTED";0;42,733883;25,48583;"Bulgaria"
"675";"CZ";"NG";"REJECTED";5;49,817492;15,472962;"Czech Republic"
"676";"DK";"NG";"REJECTED";5;56,26392;9,501785;"Denmark"
"677";"DE";"NG";"REJECTED";1065;51,165691;10,451526;"Germany"
"678";"EE";"NG";"REJECTED";0;58,595272;25,013607;"Estonia"
"679";"IE";"NG";"REJECTED";40;53,41291;-8,24389;"Ireland"
"680";"EL";"NG";"REJECTED";50;39,074208;21,824312;"Greece"
"681";"ES";"NG";"REJECTED";10;40,463667;-3,74922;"Spain"
"682";"FR";"NG";"REJECTED";490;46,227638;2,213749;"France"
"683";"HR";"NG";"REJECTED";0;45,1;15,2;"Croatia"
"684";"IT";"NG";"REJECTED";3400;41,87194;12,56738;"Italy"
"685";"CY";"NG";"REJECTED";0;35,126413;33,429859;"Cyprus"
"686";"LV";"NG";"REJECTED";0;56,879635;24,603189;"Latvia"
"687";"LT";"NG";"REJECTED";0;55,169438;23,881275;"Lithuania"
"688";"LU";"NG";"REJECTED";5;49,815273;6,129583;"Luxembourg"
"689";"HU";"NG";"REJECTED";5;47,162494;19,503304;"Hungary"
"690";"MT";"NG";"REJECTED";5;35,937496;14,375416;"Malta"
"691";"NL";"NG";"REJECTED";40;52,132633;5,291266;"Netherlands"
"692";"AT";"NG";"REJECTED";165;47,516231;14,550072;"Austria"
"693";"PL";"NG";"REJECTED";0;51,919438;19,145136;"Poland"
"694";"PT";"NG";"REJECTED";0;39,399872;-8,224454;"Portugal"
"695";"RO";"NG";"REJECTED";0;45,943161;24,96676;"Romania"
"696";"SI";"NG";"REJECTED";0;46,151241;14,995463;"Slovenia"
"697";"SK";"NG";"REJECTED";0;48,669026;19,699024;"Slovakia"
"698";"FI";"NG";"REJECTED";15;61,92411;25,748151;"Finland"
"699";"SE";"NG";"REJECTED";70;60,128161;18,643501;"Sweden"
"700";"UK";"NG";"REJECTED";350;55,378051;-3,435973;"United Kingdom"
"701";"IS";"NG";"REJECTED";0;64,963051;-19,020835;"Iceland"
"702";"LI";"NG";"REJECTED";0;47,166;9,555373;"Liechtenstein"
"703";"NO";"NG";"REJECTED";10;60,472024;8,468946;"Norway"
"704";"CH";"NG";"REJECTED";95;46,818188;8,227512;"Switzerland"
"705";"BE";"NG";"SUB_PROT";0;50,503887;4,469936;"Belgium"
"706";"BG";"NG";"SUB_PROT";0;42,733883;25,48583;"Bulgaria"
"707";"CZ";"NG";"SUB_PROT";0;49,817492;15,472962;"Czech Republic"
"708";"DK";"NG";"SUB_PROT";0;56,26392;9,501785;"Denmark"
"709";"DE";"NG";"SUB_PROT";15;51,165691;10,451526;"Germany"
"710";"EE";"NG";"SUB_PROT";0;58,595272;25,013607;"Estonia"
"711";"IE";"NG";"SUB_PROT";0;53,41291;-8,24389;"Ireland"
"712";"EL";"NG";"SUB_PROT";0;39,074208;21,824312;"Greece"
"713";"ES";"NG";"SUB_PROT";0;40,463667;-3,74922;"Spain"
"714";"FR";"NG";"SUB_PROT";20;46,227638;2,213749;"France"
"715";"HR";"NG";"SUB_PROT";0;45,1;15,2;"Croatia"
"716";"IT";"NG";"SUB_PROT";265;41,87194;12,56738;"Italy"
"717";"CY";"NG";"SUB_PROT";0;35,126413;33,429859;"Cyprus"
"718";"LV";"NG";"SUB_PROT";0;56,879635;24,603189;"Latvia"
"719";"LT";"NG";"SUB_PROT";0;55,169438;23,881275;"Lithuania"
"720";"LU";"NG";"SUB_PROT";0;49,815273;6,129583;"Luxembourg"
"721";"HU";"NG";"SUB_PROT";0;47,162494;19,503304;"Hungary"
"722";"MT";"NG";"SUB_PROT";0;35,937496;14,375416;"Malta"
"723";"NL";"NG";"SUB_PROT";0;52,132633;5,291266;"Netherlands"
"724";"AT";"NG";"SUB_PROT";5;47,516231;14,550072;"Austria"
"725";"PL";"NG";"SUB_PROT";0;51,919438;19,145136;"Poland"
"726";"PT";"NG";"SUB_PROT";0;39,399872;-8,224454;"Portugal"
"727";"RO";"NG";"SUB_PROT";0;45,943161;24,96676;"Romania"
"728";"SI";"NG";"SUB_PROT";0;46,151241;14,995463;"Slovenia"
"729";"SK";"NG";"SUB_PROT";0;48,669026;19,699024;"Slovakia"
"730";"FI";"NG";"SUB_PROT";0;61,92411;25,748151;"Finland"
"731";"SE";"NG";"SUB_PROT";0;60,128161;18,643501;"Sweden"
"732";"UK";"NG";"SUB_PROT";0;55,378051;-3,435973;"United Kingdom"
"733";"IS";"NG";"SUB_PROT";0;64,963051;-19,020835;"Iceland"
"734";"LI";"NG";"SUB_PROT";0;47,166;9,555373;"Liechtenstein"
"735";"NO";"NG";"SUB_PROT";0;60,472024;8,468946;"Norway"
"736";"CH";"NG";"SUB_PROT";0;46,818188;8,227512;"Switzerland"
"737";"BE";"NG";"HUMSTAT";NA;50,503887;4,469936;"Belgium"
"738";"BG";"NG";"HUMSTAT";NA;42,733883;25,48583;"Bulgaria"
"739";"CZ";"NG";"HUMSTAT";0;49,817492;15,472962;"Czech Republic"
"740";"DK";"NG";"HUMSTAT";0;56,26392;9,501785;"Denmark"
"741";"DE";"NG";"HUMSTAT";135;51,165691;10,451526;"Germany"
"742";"EE";"NG";"HUMSTAT";0;58,595272;25,013607;"Estonia"
"743";"IE";"NG";"HUMSTAT";NA;53,41291;-8,24389;"Ireland"
"744";"EL";"NG";"HUMSTAT";0;39,074208;21,824312;"Greece"
"745";"ES";"NG";"HUMSTAT";0;40,463667;-3,74922;"Spain"
"746";"FR";"NG";"HUMSTAT";NA;46,227638;2,213749;"France"
"747";"HR";"NG";"HUMSTAT";0;45,1;15,2;"Croatia"
"748";"IT";"NG";"HUMSTAT";955;41,87194;12,56738;"Italy"
"749";"CY";"NG";"HUMSTAT";0;35,126413;33,429859;"Cyprus"
"750";"LV";"NG";"HUMSTAT";NA;56,879635;24,603189;"Latvia"
"751";"LT";"NG";"HUMSTAT";0;55,169438;23,881275;"Lithuania"
"752";"LU";"NG";"HUMSTAT";NA;49,815273;6,129583;"Luxembourg"
"753";"HU";"NG";"HUMSTAT";0;47,162494;19,503304;"Hungary"
"754";"MT";"NG";"HUMSTAT";0;35,937496;14,375416;"Malta"
"755";"NL";"NG";"HUMSTAT";5;52,132633;5,291266;"Netherlands"
"756";"AT";"NG";"HUMSTAT";5;47,516231;14,550072;"Austria"
"757";"PL";"NG";"HUMSTAT";0;51,919438;19,145136;"Poland"
"758";"PT";"NG";"HUMSTAT";NA;39,399872;-8,224454;"Portugal"
"759";"RO";"NG";"HUMSTAT";0;45,943161;24,96676;"Romania"
"760";"SI";"NG";"HUMSTAT";NA;46,151241;14,995463;"Slovenia"
"761";"SK";"NG";"HUMSTAT";0;48,669026;19,699024;"Slovakia"
"762";"FI";"NG";"HUMSTAT";15;61,92411;25,748151;"Finland"
"763";"SE";"NG";"HUMSTAT";0;60,128161;18,643501;"Sweden"
"764";"UK";"NG";"HUMSTAT";25;55,378051;-3,435973;"United Kingdom"
"765";"IS";"NG";"HUMSTAT";5;64,963051;-19,020835;"Iceland"
"766";"LI";"NG";"HUMSTAT";0;47,166;9,555373;"Liechtenstein"
"767";"NO";"NG";"HUMSTAT";0;60,472024;8,468946;"Norway"
"768";"CH";"NG";"HUMSTAT";5;46,818188;8,227512;"Switzerland"
"769";"BE";"NG";"GENCONV";5;50,503887;4,469936;"Belgium"
"770";"BG";"NG";"GENCONV";0;42,733883;25,48583;"Bulgaria"
"771";"CZ";"NG";"GENCONV";0;49,817492;15,472962;"Czech Republic"
"772";"DK";"NG";"GENCONV";0;56,26392;9,501785;"Denmark"
"773";"DE";"NG";"GENCONV";80;51,165691;10,451526;"Germany"
"774";"EE";"NG";"GENCONV";0;58,595272;25,013607;"Estonia"
"775";"IE";"NG";"GENCONV";0;53,41291;-8,24389;"Ireland"
"776";"EL";"NG";"GENCONV";0;39,074208;21,824312;"Greece"
"777";"ES";"NG";"GENCONV";20;40,463667;-3,74922;"Spain"
"778";"FR";"NG";"GENCONV";65;46,227638;2,213749;"France"
"779";"HR";"NG";"GENCONV";0;45,1;15,2;"Croatia"
"780";"IT";"NG";"GENCONV";160;41,87194;12,56738;"Italy"
"781";"CY";"NG";"GENCONV";0;35,126413;33,429859;"Cyprus"
"782";"LV";"NG";"GENCONV";0;56,879635;24,603189;"Latvia"
"783";"LT";"NG";"GENCONV";0;55,169438;23,881275;"Lithuania"
"784";"LU";"NG";"GENCONV";0;49,815273;6,129583;"Luxembourg"
"785";"HU";"NG";"GENCONV";5;47,162494;19,503304;"Hungary"
"786";"MT";"NG";"GENCONV";0;35,937496;14,375416;"Malta"
"787";"NL";"NG";"GENCONV";10;52,132633;5,291266;"Netherlands"
"788";"AT";"NG";"GENCONV";0;47,516231;14,550072;"Austria"
"789";"PL";"NG";"GENCONV";0;51,919438;19,145136;"Poland"
"790";"PT";"NG";"GENCONV";0;39,399872;-8,224454;"Portugal"
"791";"RO";"NG";"GENCONV";0;45,943161;24,96676;"Romania"
"792";"SI";"NG";"GENCONV";0;46,151241;14,995463;"Slovenia"
"793";"SK";"NG";"GENCONV";0;48,669026;19,699024;"Slovakia"
"794";"FI";"NG";"GENCONV";0;61,92411;25,748151;"Finland"
"795";"SE";"NG";"GENCONV";10;60,128161;18,643501;"Sweden"
"796";"UK";"NG";"GENCONV";10;55,378051;-3,435973;"United Kingdom"
"797";"IS";"NG";"GENCONV";0;64,963051;-19,020835;"Iceland"
"798";"LI";"NG";"GENCONV";0;47,166;9,555373;"Liechtenstein"
"799";"NO";"NG";"GENCONV";0;60,472024;8,468946;"Norway"
"800";"CH";"NG";"GENCONV";0;46,818188;8,227512;"Switzerland"
"801";"BE";"PK";"TOTAL";85;50,503887;4,469936;"Belgium"
"802";"BG";"PK";"TOTAL";195;42,733883;25,48583;"Bulgaria"
"803";"CZ";"PK";"TOTAL";0;49,817492;15,472962;"Czech Republic"
"804";"DK";"PK";"TOTAL";5;56,26392;9,501785;"Denmark"
"805";"DE";"PK";"TOTAL";6335;51,165691;10,451526;"Germany"
"806";"EE";"PK";"TOTAL";0;58,595272;25,013607;"Estonia"
"807";"IE";"PK";"TOTAL";125;53,41291;-8,24389;"Ireland"
"808";"EL";"PK";"TOTAL";885;39,074208;21,824312;"Greece"
"809";"ES";"PK";"TOTAL";15;40,463667;-3,74922;"Spain"
"810";"FR";"PK";"TOTAL";615;46,227638;2,213749;"France"
"811";"HR";"PK";"TOTAL";5;45,1;15,2;"Croatia"
"812";"IT";"PK";"TOTAL";2930;41,87194;12,56738;"Italy"
"813";"CY";"PK";"TOTAL";40;35,126413;33,429859;"Cyprus"
"814";"LV";"PK";"TOTAL";5;56,879635;24,603189;"Latvia"
"815";"LT";"PK";"TOTAL";0;55,169438;23,881275;"Lithuania"
"816";"LU";"PK";"TOTAL";0;49,815273;6,129583;"Luxembourg"
"817";"HU";"PK";"TOTAL";85;47,162494;19,503304;"Hungary"
"818";"MT";"PK";"TOTAL";0;35,937496;14,375416;"Malta"
"819";"NL";"PK";"TOTAL";45;52,132633;5,291266;"Netherlands"
"820";"AT";"PK";"TOTAL";295;47,516231;14,550072;"Austria"
"821";"PL";"PK";"TOTAL";0;51,919438;19,145136;"Poland"
"822";"PT";"PK";"TOTAL";0;39,399872;-8,224454;"Portugal"
"823";"RO";"PK";"TOTAL";25;45,943161;24,96676;"Romania"
"824";"SI";"PK";"TOTAL";0;46,151241;14,995463;"Slovenia"
"825";"SK";"PK";"TOTAL";10;48,669026;19,699024;"Slovakia"
"826";"FI";"PK";"TOTAL";10;61,92411;25,748151;"Finland"
"827";"SE";"PK";"TOTAL";120;60,128161;18,643501;"Sweden"
"828";"UK";"PK";"TOTAL";705;55,378051;-3,435973;"United Kingdom"
"829";"IS";"PK";"TOTAL";0;64,963051;-19,020835;"Iceland"
"830";"LI";"PK";"TOTAL";0;47,166;9,555373;"Liechtenstein"
"831";"NO";"PK";"TOTAL";15;60,472024;8,468946;"Norway"
"832";"CH";"PK";"TOTAL";15;46,818188;8,227512;"Switzerland"
"833";"BE";"PK";"REJECTED";70;50,503887;4,469936;"Belgium"
"834";"BG";"PK";"REJECTED";195;42,733883;25,48583;"Bulgaria"
"835";"CZ";"PK";"REJECTED";0;49,817492;15,472962;"Czech Republic"
"836";"DK";"PK";"REJECTED";5;56,26392;9,501785;"Denmark"
"837";"DE";"PK";"REJECTED";6125;51,165691;10,451526;"Germany"
"838";"EE";"PK";"REJECTED";0;58,595272;25,013607;"Estonia"
"839";"IE";"PK";"REJECTED";125;53,41291;-8,24389;"Ireland"
"840";"EL";"PK";"REJECTED";875;39,074208;21,824312;"Greece"
"841";"ES";"PK";"REJECTED";15;40,463667;-3,74922;"Spain"
"842";"FR";"PK";"REJECTED";575;46,227638;2,213749;"France"
"843";"HR";"PK";"REJECTED";5;45,1;15,2;"Croatia"
"844";"IT";"PK";"REJECTED";1700;41,87194;12,56738;"Italy"
"845";"CY";"PK";"REJECTED";40;35,126413;33,429859;"Cyprus"
"846";"LV";"PK";"REJECTED";5;56,879635;24,603189;"Latvia"
"847";"LT";"PK";"REJECTED";0;55,169438;23,881275;"Lithuania"
"848";"LU";"PK";"REJECTED";0;49,815273;6,129583;"Luxembourg"
"849";"HU";"PK";"REJECTED";85;47,162494;19,503304;"Hungary"
"850";"MT";"PK";"REJECTED";0;35,937496;14,375416;"Malta"
"851";"NL";"PK";"REJECTED";35;52,132633;5,291266;"Netherlands"
"852";"AT";"PK";"REJECTED";290;47,516231;14,550072;"Austria"
"853";"PL";"PK";"REJECTED";0;51,919438;19,145136;"Poland"
"854";"PT";"PK";"REJECTED";0;39,399872;-8,224454;"Portugal"
"855";"RO";"PK";"REJECTED";25;45,943161;24,96676;"Romania"
"856";"SI";"PK";"REJECTED";0;46,151241;14,995463;"Slovenia"
"857";"SK";"PK";"REJECTED";10;48,669026;19,699024;"Slovakia"
"858";"FI";"PK";"REJECTED";10;61,92411;25,748151;"Finland"
"859";"SE";"PK";"REJECTED";110;60,128161;18,643501;"Sweden"
"860";"UK";"PK";"REJECTED";590;55,378051;-3,435973;"United Kingdom"
"861";"IS";"PK";"REJECTED";0;64,963051;-19,020835;"Iceland"
"862";"LI";"PK";"REJECTED";0;47,166;9,555373;"Liechtenstein"
"863";"NO";"PK";"REJECTED";10;60,472024;8,468946;"Norway"
"864";"CH";"PK";"REJECTED";10;46,818188;8,227512;"Switzerland"
"865";"BE";"PK";"SUB_PROT";0;50,503887;4,469936;"Belgium"
"866";"BG";"PK";"SUB_PROT";0;42,733883;25,48583;"Bulgaria"
"867";"CZ";"PK";"SUB_PROT";0;49,817492;15,472962;"Czech Republic"
"868";"DK";"PK";"SUB_PROT";0;56,26392;9,501785;"Denmark"
"869";"DE";"PK";"SUB_PROT";35;51,165691;10,451526;"Germany"
"870";"EE";"PK";"SUB_PROT";0;58,595272;25,013607;"Estonia"
"871";"IE";"PK";"SUB_PROT";0;53,41291;-8,24389;"Ireland"
"872";"EL";"PK";"SUB_PROT";0;39,074208;21,824312;"Greece"
"873";"ES";"PK";"SUB_PROT";0;40,463667;-3,74922;"Spain"
"874";"FR";"PK";"SUB_PROT";10;46,227638;2,213749;"France"
"875";"HR";"PK";"SUB_PROT";0;45,1;15,2;"Croatia"
"876";"IT";"PK";"SUB_PROT";570;41,87194;12,56738;"Italy"
"877";"CY";"PK";"SUB_PROT";0;35,126413;33,429859;"Cyprus"
"878";"LV";"PK";"SUB_PROT";0;56,879635;24,603189;"Latvia"
"879";"LT";"PK";"SUB_PROT";0;55,169438;23,881275;"Lithuania"
"880";"LU";"PK";"SUB_PROT";0;49,815273;6,129583;"Luxembourg"
"881";"HU";"PK";"SUB_PROT";0;47,162494;19,503304;"Hungary"
"882";"MT";"PK";"SUB_PROT";0;35,937496;14,375416;"Malta"
"883";"NL";"PK";"SUB_PROT";0;52,132633;5,291266;"Netherlands"
"884";"AT";"PK";"SUB_PROT";0;47,516231;14,550072;"Austria"
"885";"PL";"PK";"SUB_PROT";0;51,919438;19,145136;"Poland"
"886";"PT";"PK";"SUB_PROT";0;39,399872;-8,224454;"Portugal"
"887";"RO";"PK";"SUB_PROT";0;45,943161;24,96676;"Romania"
"888";"SI";"PK";"SUB_PROT";0;46,151241;14,995463;"Slovenia"
"889";"SK";"PK";"SUB_PROT";0;48,669026;19,699024;"Slovakia"
"890";"FI";"PK";"SUB_PROT";0;61,92411;25,748151;"Finland"
"891";"SE";"PK";"SUB_PROT";0;60,128161;18,643501;"Sweden"
"892";"UK";"PK";"SUB_PROT";0;55,378051;-3,435973;"United Kingdom"
"893";"IS";"PK";"SUB_PROT";0;64,963051;-19,020835;"Iceland"
"894";"LI";"PK";"SUB_PROT";0;47,166;9,555373;"Liechtenstein"
"895";"NO";"PK";"SUB_PROT";0;60,472024;8,468946;"Norway"
"896";"CH";"PK";"SUB_PROT";0;46,818188;8,227512;"Switzerland"
"897";"BE";"PK";"HUMSTAT";NA;50,503887;4,469936;"Belgium"
"898";"BG";"PK";"HUMSTAT";NA;42,733883;25,48583;"Bulgaria"
"899";"CZ";"PK";"HUMSTAT";0;49,817492;15,472962;"Czech Republic"
"900";"DK";"PK";"HUMSTAT";0;56,26392;9,501785;"Denmark"
"901";"DE";"PK";"HUMSTAT";60;51,165691;10,451526;"Germany"
"902";"EE";"PK";"HUMSTAT";0;58,595272;25,013607;"Estonia"
"903";"IE";"PK";"HUMSTAT";NA;53,41291;-8,24389;"Ireland"
"904";"EL";"PK";"HUMSTAT";0;39,074208;21,824312;"Greece"
"905";"ES";"PK";"HUMSTAT";0;40,463667;-3,74922;"Spain"
"906";"FR";"PK";"HUMSTAT";NA;46,227638;2,213749;"France"
"907";"HR";"PK";"HUMSTAT";0;45,1;15,2;"Croatia"
"908";"IT";"PK";"HUMSTAT";520;41,87194;12,56738;"Italy"
"909";"CY";"PK";"HUMSTAT";0;35,126413;33,429859;"Cyprus"
"910";"LV";"PK";"HUMSTAT";NA;56,879635;24,603189;"Latvia"
"911";"LT";"PK";"HUMSTAT";0;55,169438;23,881275;"Lithuania"
"912";"LU";"PK";"HUMSTAT";NA;49,815273;6,129583;"Luxembourg"
"913";"HU";"PK";"HUMSTAT";0;47,162494;19,503304;"Hungary"
"914";"MT";"PK";"HUMSTAT";0;35,937496;14,375416;"Malta"
"915";"NL";"PK";"HUMSTAT";0;52,132633;5,291266;"Netherlands"
"916";"AT";"PK";"HUMSTAT";0;47,516231;14,550072;"Austria"
"917";"PL";"PK";"HUMSTAT";0;51,919438;19,145136;"Poland"
"918";"PT";"PK";"HUMSTAT";NA;39,399872;-8,224454;"Portugal"
"919";"RO";"PK";"HUMSTAT";0;45,943161;24,96676;"Romania"
"920";"SI";"PK";"HUMSTAT";NA;46,151241;14,995463;"Slovenia"
"921";"SK";"PK";"HUMSTAT";0;48,669026;19,699024;"Slovakia"
"922";"FI";"PK";"HUMSTAT";0;61,92411;25,748151;"Finland"
"923";"SE";"PK";"HUMSTAT";0;60,128161;18,643501;"Sweden"
"924";"UK";"PK";"HUMSTAT";15;55,378051;-3,435973;"United Kingdom"
"925";"IS";"PK";"HUMSTAT";0;64,963051;-19,020835;"Iceland"
"926";"LI";"PK";"HUMSTAT";0;47,166;9,555373;"Liechtenstein"
"927";"NO";"PK";"HUMSTAT";0;60,472024;8,468946;"Norway"
"928";"CH";"PK";"HUMSTAT";0;46,818188;8,227512;"Switzerland"
"929";"BE";"PK";"GENCONV";15;50,503887;4,469936;"Belgium"
"930";"BG";"PK";"GENCONV";0;42,733883;25,48583;"Bulgaria"
"931";"CZ";"PK";"GENCONV";0;49,817492;15,472962;"Czech Republic"
"932";"DK";"PK";"GENCONV";0;56,26392;9,501785;"Denmark"
"933";"DE";"PK";"GENCONV";115;51,165691;10,451526;"Germany"
"934";"EE";"PK";"GENCONV";0;58,595272;25,013607;"Estonia"
"935";"IE";"PK";"GENCONV";0;53,41291;-8,24389;"Ireland"
"936";"EL";"PK";"GENCONV";10;39,074208;21,824312;"Greece"
"937";"ES";"PK";"GENCONV";0;40,463667;-3,74922;"Spain"
"938";"FR";"PK";"GENCONV";35;46,227638;2,213749;"France"
"939";"HR";"PK";"GENCONV";0;45,1;15,2;"Croatia"
"940";"IT";"PK";"GENCONV";145;41,87194;12,56738;"Italy"
"941";"CY";"PK";"GENCONV";0;35,126413;33,429859;"Cyprus"
"942";"LV";"PK";"GENCONV";0;56,879635;24,603189;"Latvia"
"943";"LT";"PK";"GENCONV";0;55,169438;23,881275;"Lithuania"
"944";"LU";"PK";"GENCONV";0;49,815273;6,129583;"Luxembourg"
"945";"HU";"PK";"GENCONV";0;47,162494;19,503304;"Hungary"
"946";"MT";"PK";"GENCONV";0;35,937496;14,375416;"Malta"
"947";"NL";"PK";"GENCONV";10;52,132633;5,291266;"Netherlands"
"948";"AT";"PK";"GENCONV";5;47,516231;14,550072;"Austria"
"949";"PL";"PK";"GENCONV";0;51,919438;19,145136;"Poland"
"950";"PT";"PK";"GENCONV";0;39,399872;-8,224454;"Portugal"
"951";"RO";"PK";"GENCONV";0;45,943161;24,96676;"Romania"
"952";"SI";"PK";"GENCONV";0;46,151241;14,995463;"Slovenia"
"953";"SK";"PK";"GENCONV";0;48,669026;19,699024;"Slovakia"
"954";"FI";"PK";"GENCONV";0;61,92411;25,748151;"Finland"
"955";"SE";"PK";"GENCONV";10;60,128161;18,643501;"Sweden"
"956";"UK";"PK";"GENCONV";100;55,378051;-3,435973;"United Kingdom"
"957";"IS";"PK";"GENCONV";0;64,963051;-19,020835;"Iceland"
"958";"LI";"PK";"GENCONV";0;47,166;9,555373;"Liechtenstein"
"959";"NO";"PK";"GENCONV";0;60,472024;8,468946;"Norway"
"960";"CH";"PK";"GENCONV";0;46,818188;8,227512;"Switzerland"
